time,temp(C),Temp (K),,time,temp(C),Temp (K),,time,temp(C),Temp (K),,time,temp(C),Temp (K)
,,,,,,,,,,,,,,
0.0113,255,528.5325021,,-1.02E-01,2.53E+02,526.15,,0.00E+00,2.55E+02,528.15,,0.00E+00,2.55E+02,528.15
0.335,239,512.2652072,,5.61E-01,2.42E+02,515.15,,4.00E-01,2.43E+02,516.15,,8.00E-01,2.35E+02,508.15
0.884,226,498.8525776,,1.55E+00,2.25E+02,498.15,,8.00E-01,2.37E+02,510.15,,1.60E+00,2.22E+02,495.15
2.1,211,484.11391,,2.54E+00,2.16E+02,489.15,,1.20E+00,2.31E+02,504.15,,2.40E+00,2.14E+02,487.15
3.71,198,470.9093947,,3.20E+00,2.09E+02,482.15,,1.60E+00,2.26E+02,499.15,,3.20E+00,2.07E+02,480.15
5.55,187,459.6804306,,4.89E+00,1.97E+02,470.15,,2.00E+00,2.22E+02,495.15,,4.00E+00,2.01E+02,474.15
7,179,451.7524418,,6.52E+00,1.86E+02,459.15,,2.40E+00,2.18E+02,491.15,,4.80E+00,1.95E+02,468.15
8.72,172,445.3598332,,8.76E+00,1.75E+02,448.15,,2.80E+00,2.14E+02,487.15,,5.60E+00,1.90E+02,463.15
9.57,178,451.0648665,,9.81E+00,1.79E+02,452.15,,3.20E+00,2.11E+02,484.15,,6.40E+00,1.86E+02,459.15
10.6,182,455.4493869,,1.07E+01,1.82E+02,455.15,,3.60E+00,2.07E+02,480.15,,7.20E+00,1.81E+02,454.15
12.1,181,454.3339187,,1.20E+01,1.82E+02,455.15,,4.00E+00,2.04E+02,477.15,,8.00E+00,1.77E+02,450.15
13.8,177,450.5786526,,1.38E+01,1.78E+02,451.15,,4.40E+00,2.01E+02,474.15,,8.80E+00,1.74E+02,447.15
15.8,172,444.8423101,,1.52E+01,1.74E+02,447.15,,4.80E+00,1.98E+02,471.15,,9.60E+00,1.76E+02,449.15
17.3,167,439.9906068,,1.73E+01,1.69E+02,442.15,,5.20E+00,1.96E+02,469.15,,1.04E+01,1.77E+02,450.15
18.3,166,439.3202209,,1.97E+01,1.63E+02,436.15,,5.60E+00,1.93E+02,466.15,,1.12E+01,1.79E+02,452.15
19.4,162,435.5717077,,2.28E+01,1.59E+02,432.15,,6.00E+00,1.91E+02,464.15,,1.20E+01,1.80E+02,453.15
21.2,160,433.5740559,,2.66E+01,1.54E+02,427.15,,6.40E+00,1.88E+02,461.15,,1.28E+01,1.80E+02,453.15
23.1,160,432.674069,,2.99E+01,1.49E+02,422.15,,6.80E+00,1.86E+02,459.15,,1.36E+01,1.78E+02,451.15
25.1,156,428.6965686,,3.32E+01,1.44E+02,417.15,,7.20E+00,1.84E+02,457.15,,1.44E+01,1.77E+02,450.15
26.4,155,427.8027208,,3.68E+01,1.41E+02,414.15,,7.60E+00,1.82E+02,455.15,,1.52E+01,1.75E+02,448.15
27.4,155,427.7916704,,4.01E+01,1.36E+02,409.15,,8.00E+00,1.78E+02,451.15,,1.60E+01,1.73E+02,446.15
28.5,152,425.1426638,,4.49E+01,1.32E+02,405.15,,8.80E+00,1.76E+02,449.15,,1.68E+01,1.71E+02,444.15
30.3,150,423.1443981,,4.83E+01,1.28E+02,401.15,,1.00E+01,1.72E+02,445.15,,1.76E+01,1.68E+02,441.15
31.7,148,420.931879,,5.22E+01,1.25E+02,398.15,,1.04E+01,1.76E+02,449.15,,1.84E+01,1.66E+02,439.15
32.7,148,420.9208287,,5.57E+01,1.23E+02,396.15,,1.08E+01,1.79E+02,452.15,,1.92E+01,1.64E+02,437.15
33.8,145,418.4909867,,5.90E+01,1.20E+02,393.15,,1.12E+01,1.80E+02,453.15,,2.00E+01,1.62E+02,435.15
35.7,143,416.4921071,,6.02E+01,1.20E+02,393.15,,1.16E+01,1.81E+02,454.15,,2.08E+01,1.61E+02,434.15
36.6,144,416.7014492,,,,,,1.20E+01,1.81E+02,454.15,,2.16E+01,1.59E+02,432.15
37.2,142,415.3766389,,,,,,1.24E+01,1.81E+02,454.15,,2.24E+01,1.58E+02,431.15
38.5,141,414.2636264,,,,,,1.28E+01,1.81E+02,454.15,,2.32E+01,1.58E+02,431.15
40.1,139,412.2678163,,,,,,1.32E+01,1.81E+02,454.15,,2.40E+01,1.57E+02,430.15
41,138,410.7189302,,,,,,1.36E+01,1.80E+02,453.15,,2.48E+01,1.56E+02,429.15
41.8,138,410.7103355,,,,,,1.40E+01,1.79E+02,452.15,,2.56E+01,1.55E+02,428.15
43.5,135,408.2743544,,,,,,1.44E+01,1.78E+02,451.15,,2.64E+01,1.55E+02,428.15
44.6,134,406.944019,,,,,,1.48E+01,1.77E+02,450.15,,2.72E+01,1.54E+02,427.15
45.5,135,407.8126967,,,,,,1.52E+01,1.76E+02,449.15,,2.80E+01,1.53E+02,426.15
47.2,133,406.4749944,,,,,,1.56E+01,1.75E+02,448.15,,2.88E+01,1.51E+02,424.15
49,131,404.0383995,,,,,,1.60E+01,1.74E+02,447.15,,2.96E+01,1.50E+02,423.15
50.8,130,403.1390264,,,,,,1.64E+01,1.73E+02,446.15,,3.04E+01,1.49E+02,422.15
51.8,128,401.5895264,,,,,,1.68E+01,1.71E+02,444.15,,3.12E+01,1.48E+02,421.15
53.8,127,400.0295899,,,,,,1.72E+01,1.70E+02,443.15,,3.20E+01,1.47E+02,420.15
55,128,401.1149766,,,,,,1.76E+01,1.69E+02,442.15,,3.28E+01,1.46E+02,419.15
56.1,126,399.5642488,,,,,,1.80E+01,1.67E+02,440.15,,3.36E+01,1.45E+02,418.15
57.5,125,398.0104514,,,,,,1.84E+01,1.67E+02,440.15,,3.44E+01,1.44E+02,417.15
59.5,124,397.1098505,,,,,,1.92E+01,1.64E+02,437.15,,3.52E+01,1.43E+02,416.15
60.3,124,397.1006419,,,,,,1.96E+01,1.61E+02,434.15,,3.60E+01,1.42E+02,415.15
,,,,,,,,2.00E+01,1.60E+02,433.15,,3.68E+01,1.42E+02,415.15
,,,,,,,,2.04E+01,1.59E+02,432.15,,3.76E+01,1.41E+02,414.15
,,,,,,,,2.08E+01,1.58E+02,431.15,,3.84E+01,1.40E+02,413.15
,,,,,,,,2.12E+01,1.58E+02,431.15,,3.92E+01,1.39E+02,412.15
,,,,,,,,2.16E+01,1.58E+02,431.15,,4.00E+01,1.39E+02,412.15
,,,,,,,,2.20E+01,1.58E+02,431.15,,4.08E+01,1.38E+02,411.15
,,,,,,,,2.24E+01,1.58E+02,431.15,,4.16E+01,1.37E+02,410.15
,,,,,,,,2.28E+01,1.58E+02,431.15,,4.24E+01,1.36E+02,409.15
,,,,,,,,2.32E+01,1.58E+02,431.15,,4.32E+01,1.36E+02,409.15
,,,,,,,,2.36E+01,1.57E+02,430.15,,4.40E+01,1.35E+02,408.15
,,,,,,,,2.40E+01,1.57E+02,430.15,,4.48E+01,1.34E+02,407.15
,,,,,,,,2.44E+01,1.57E+02,430.15,,4.56E+01,1.33E+02,406.15
,,,,,,,,2.48E+01,1.57E+02,430.15,,4.64E+01,1.33E+02,406.15
,,,,,,,,2.52E+01,1.56E+02,429.15,,4.72E+01,1.32E+02,405.15
,,,,,,,,2.56E+01,1.56E+02,429.15,,4.80E+01,1.31E+02,404.15
,,,,,,,,2.60E+01,1.55E+02,428.15,,4.88E+01,1.31E+02,404.15
,,,,,,,,2.64E+01,1.55E+02,428.15,,4.96E+01,1.30E+02,403.15
,,,,,,,,2.68E+01,1.54E+02,427.15,,5.04E+01,1.30E+02,403.15
,,,,,,,,2.72E+01,1.54E+02,427.15,,5.12E+01,1.29E+02,402.15
,,,,,,,,2.76E+01,1.53E+02,426.15,,5.20E+01,1.28E+02,401.15
,,,,,,,,2.80E+01,1.52E+02,425.15,,5.28E+01,1.28E+02,401.15
,,,,,,,,2.84E+01,1.52E+02,425.15,,5.36E+01,1.27E+02,400.15
,,,,,,,,2.88E+01,1.52E+02,425.15,,5.44E+01,1.27E+02,400.15
,,,,,,,,2.92E+01,1.51E+02,424.15,,5.52E+01,1.26E+02,399.15
,,,,,,,,2.96E+01,1.50E+02,423.15,,5.60E+01,1.26E+02,399.15
,,,,,,,,3.00E+01,1.49E+02,422.15,,5.68E+01,1.25E+02,398.15
,,,,,,,,3.04E+01,1.49E+02,422.15,,5.76E+01,1.25E+02,398.15
,,,,,,,,3.08E+01,1.48E+02,421.15,,5.84E+01,1.24E+02,397.15
,,,,,,,,3.12E+01,1.47E+02,420.15,,5.92E+01,1.24E+02,397.15
,,,,,,,,3.16E+01,1.46E+02,419.15,,6.00E+01,1.23E+02,396.15
,,,,,,,,3.20E+01,1.46E+02,419.15,,,,
,,,,,,,,3.24E+01,1.45E+02,418.15,,,,
,,,,,,,,3.28E+01,1.45E+02,418.15,,,,
,,,,,,,,3.32E+01,1.44E+02,417.15,,,,
,,,,,,,,3.36E+01,1.44E+02,417.15,,,,
,,,,,,,,3.40E+01,1.43E+02,416.15,,,,
,,,,,,,,3.44E+01,1.43E+02,416.15,,,,
,,,,,,,,3.48E+01,1.43E+02,416.15,,,,
,,,,,,,,3.52E+01,1.42E+02,415.15,,,,
,,,,,,,,3.56E+01,1.42E+02,415.15,,,,
,,,,,,,,3.60E+01,1.41E+02,414.15,,,,
,,,,,,,,3.64E+01,1.41E+02,414.15,,,,
,,,,,,,,3.68E+01,1.41E+02,414.15,,,,
,,,,,,,,3.72E+01,1.40E+02,413.15,,,,
,,,,,,,,3.76E+01,1.40E+02,413.15,,,,
,,,,,,,,3.80E+01,1.40E+02,413.15,,,,
,,,,,,,,3.84E+01,1.39E+02,412.15,,,,
,,,,,,,,3.88E+01,1.39E+02,412.15,,,,
,,,,,,,,3.92E+01,1.39E+02,412.15,,,,
,,,,,,,,3.96E+01,1.38E+02,411.15,,,,
,,,,,,,,4.00E+01,1.38E+02,411.15,,,,
,,,,,,,,4.04E+01,1.37E+02,410.15,,,,
,,,,,,,,4.08E+01,1.37E+02,410.15,,,,
,,,,,,,,4.12E+01,1.37E+02,410.15,,,,
,,,,,,,,4.16E+01,1.36E+02,409.15,,,,
,,,,,,,,4.20E+01,1.36E+02,409.15,,,,
,,,,,,,,4.24E+01,1.35E+02,408.15,,,,
,,,,,,,,4.28E+01,1.35E+02,408.15,,,,
,,,,,,,,4.32E+01,1.34E+02,407.15,,,,
,,,,,,,,4.36E+01,1.34E+02,407.15,,,,
,,,,,,,,4.40E+01,1.34E+02,407.15,,,,
,,,,,,,,4.44E+01,1.33E+02,406.15,,,,
,,,,,,,,4.48E+01,1.33E+02,406.15,,,,
,,,,,,,,4.52E+01,1.32E+02,405.15,,,,
,,,,,,,,4.56E+01,1.32E+02,405.15,,,,
,,,,,,,,4.60E+01,1.32E+02,405.15,,,,
,,,,,,,,4.64E+01,1.31E+02,404.15,,,,
,,,,,,,,4.68E+01,1.31E+02,404.15,,,,
,,,,,,,,4.72E+01,1.31E+02,404.15,,,,
,,,,,,,,4.76E+01,1.30E+02,403.15,,,,
,,,,,,,,4.80E+01,1.30E+02,403.15,,,,
,,,,,,,,4.84E+01,1.30E+02,403.15,,,,
,,,,,,,,4.88E+01,1.29E+02,402.15,,,,
,,,,,,,,4.92E+01,1.29E+02,402.15,,,,
,,,,,,,,4.96E+01,1.29E+02,402.15,,,,
,,,,,,,,5.00E+01,1.29E+02,402.15,,,,
,,,,,,,,5.04E+01,1.28E+02,401.15,,,,
,,,,,,,,5.08E+01,1.28E+02,401.15,,,,
,,,,,,,,5.12E+01,1.28E+02,401.15,,,,
,,,,,,,,5.16E+01,1.27E+02,400.15,,,,
,,,,,,,,5.20E+01,1.27E+02,400.15,,,,
,,,,,,,,5.24E+01,1.27E+02,400.15,,,,
,,,,,,,,5.28E+01,1.27E+02,400.15,,,,
,,,,,,,,5.32E+01,1.26E+02,399.15,,,,
,,,,,,,,5.36E+01,1.26E+02,399.15,,,,
,,,,,,,,5.40E+01,1.26E+02,399.15,,,,
,,,,,,,,5.44E+01,1.25E+02,398.15,,,,
,,,,,,,,5.48E+01,1.25E+02,398.15,,,,
,,,,,,,,5.52E+01,1.25E+02,398.15,,,,
,,,,,,,,5.56E+01,1.24E+02,397.15,,,,
,,,,,,,,5.60E+01,1.24E+02,397.15,,,,
,,,,,,,,5.64E+01,1.24E+02,397.15,,,,
,,,,,,,,5.68E+01,1.24E+02,397.15,,,,
,,,,,,,,5.72E+01,1.23E+02,396.15,,,,
,,,,,,,,5.76E+01,1.23E+02,396.15,,,,
,,,,,,,,5.80E+01,1.23E+02,396.15,,,,
,,,,,,,,5.84E+01,1.23E+02,396.15,,,,
,,,,,,,,5.88E+01,1.22E+02,395.15,,,,
,,,,,,,,5.92E+01,1.22E+02,395.15,,,,
,,,,,,,,5.96E+01,1.22E+02,395.15,,,,
,,,,,,,,6.00E+01,1.22E+02,395.15,,,,
