"N","Time","avg(X)","avg(Y)","avg(Z)","avg(k)","avg(rank)","avg(rank_input_1)","avg(vtkValidPointMask)","max(X)","max(Y)","max(Z)","max(k)","max(rank)","max(rank_input_1)","max(vtkValidPointMask)","med(X)","med(Y)","med(Z)","med(k)","med(rank)","med(rank_input_1)","med(vtkValidPointMask)","min(X)","min(Y)","min(Z)","min(k)","min(rank)","min(rank_input_1)","min(vtkValidPointMask)","q1(X)","q1(Y)","q1(Z)","q1(k)","q1(rank)","q1(rank_input_1)","q1(vtkValidPointMask)","q3(X)","q3(Y)","q3(Z)","q3(k)","q3(rank)","q3(rank_input_1)","q3(vtkValidPointMask)","std(X)","std(Y)","std(Z)","std(k)","std(rank)","std(rank_input_1)","std(vtkValidPointMask)","vtkValidPointMask"
1,4,0.03,0,0.0044,0,0,0,0,0.03,0,0.0044,0,0,0,0,0.03,0,0.0044,0,0,0,0,0.03,0,0.0044,0,0,0,0,0.03,0,0.0044,0,0,0,0,0.03,0,0.0044,0,0,0,0,0,0,0,0,0,0,0,1
1,8,0.03,0,0.0044,0,0,0,0,0.03,0,0.0044,0,0,0,0,0.03,0,0.0044,0,0,0,0,0.03,0,0.0044,0,0,0,0,0.03,0,0.0044,0,0,0,0,0.03,0,0.0044,0,0,0,0,0,0,0,0,0,0,0,1
1,12,0.03,0,0.0044,0,0,0,0,0.03,0,0.0044,0,0,0,0,0.03,0,0.0044,0,0,0,0,0.03,0,0.0044,0,0,0,0,0.03,0,0.0044,0,0,0,0,0.03,0,0.0044,0,0,0,0,0,0,0,0,0,0,0,1
1,16,0.03,0,0.0044,0,0,0,0,0.03,0,0.0044,0,0,0,0,0.03,0,0.0044,0,0,0,0,0.03,0,0.0044,0,0,0,0,0.03,0,0.0044,0,0,0,0,0.03,0,0.0044,0,0,0,0,0,0,0,0,0,0,0,1
1,20,0.03,0,0.0044,0,0,0,0,0.03,0,0.0044,0,0,0,0,0.03,0,0.0044,0,0,0,0,0.03,0,0.0044,0,0,0,0,0.03,0,0.0044,0,0,0,0,0.03,0,0.0044,0,0,0,0,0,0,0,0,0,0,0,1
1,24,0.03,0,0.0044,0,0,0,0,0.03,0,0.0044,0,0,0,0,0.03,0,0.0044,0,0,0,0,0.03,0,0.0044,0,0,0,0,0.03,0,0.0044,0,0,0,0,0.03,0,0.0044,0,0,0,0,0,0,0,0,0,0,0,1
1,28,0.03,0,0.0044,0,0,0,0,0.03,0,0.0044,0,0,0,0,0.03,0,0.0044,0,0,0,0,0.03,0,0.0044,0,0,0,0,0.03,0,0.0044,0,0,0,0,0.03,0,0.0044,0,0,0,0,0,0,0,0,0,0,0,1
1,32,0.03,0,0.0044,0,0,0,0,0.03,0,0.0044,0,0,0,0,0.03,0,0.0044,0,0,0,0,0.03,0,0.0044,0,0,0,0,0.03,0,0.0044,0,0,0,0,0.03,0,0.0044,0,0,0,0,0,0,0,0,0,0,0,1
1,36,0.03,0,0.0044,0,0,0,0,0.03,0,0.0044,0,0,0,0,0.03,0,0.0044,0,0,0,0,0.03,0,0.0044,0,0,0,0,0.03,0,0.0044,0,0,0,0,0.03,0,0.0044,0,0,0,0,0,0,0,0,0,0,0,1
1,40,0.03,0,0.0044,0,0,0,0,0.03,0,0.0044,0,0,0,0,0.03,0,0.0044,0,0,0,0,0.03,0,0.0044,0,0,0,0,0.03,0,0.0044,0,0,0,0,0.03,0,0.0044,0,0,0,0,0,0,0,0,0,0,0,1
1,44,0.03,0,0.0044,0,0,0,0,0.03,0,0.0044,0,0,0,0,0.03,0,0.0044,0,0,0,0,0.03,0,0.0044,0,0,0,0,0.03,0,0.0044,0,0,0,0,0.03,0,0.0044,0,0,0,0,0,0,0,0,0,0,0,1
1,48,0.03,0,0.0044,0,0,0,0,0.03,0,0.0044,0,0,0,0,0.03,0,0.0044,0,0,0,0,0.03,0,0.0044,0,0,0,0,0.03,0,0.0044,0,0,0,0,0.03,0,0.0044,0,0,0,0,0,0,0,0,0,0,0,1
1,52,0.03,0,0.0044,0,0,0,0,0.03,0,0.0044,0,0,0,0,0.03,0,0.0044,0,0,0,0,0.03,0,0.0044,0,0,0,0,0.03,0,0.0044,0,0,0,0,0.03,0,0.0044,0,0,0,0,0,0,0,0,0,0,0,1
1,56,0.03,0,0.0044,0,0,0,0,0.03,0,0.0044,0,0,0,0,0.03,0,0.0044,0,0,0,0,0.03,0,0.0044,0,0,0,0,0.03,0,0.0044,0,0,0,0,0.03,0,0.0044,0,0,0,0,0,0,0,0,0,0,0,1
1,60,0.03,0,0.0044,0,0,0,0,0.03,0,0.0044,0,0,0,0,0.03,0,0.0044,0,0,0,0,0.03,0,0.0044,0,0,0,0,0.03,0,0.0044,0,0,0,0,0.03,0,0.0044,0,0,0,0,0,0,0,0,0,0,0,1
1,64,0.03,0,0.0044,0,0,0,0,0.03,0,0.0044,0,0,0,0,0.03,0,0.0044,0,0,0,0,0.03,0,0.0044,0,0,0,0,0.03,0,0.0044,0,0,0,0,0.03,0,0.0044,0,0,0,0,0,0,0,0,0,0,0,1
1,68,0.03,0,0.0044,481.37,0,0,1,0.03,0,0.0044,481.37,0,0,1,0.03,0,0.0044,481.37,0,0,1,0.03,0,0.0044,481.37,0,0,1,0.03,0,0.0044,481.37,0,0,1,0.03,0,0.0044,481.37,0,0,1,0,0,0,0,0,0,0,1
1,72,0.03,0,0.0044,463.9,0,0,1,0.03,0,0.0044,463.9,0,0,1,0.03,0,0.0044,463.9,0,0,1,0.03,0,0.0044,463.9,0,0,1,0.03,0,0.0044,463.9,0,0,1,0.03,0,0.0044,463.9,0,0,1,0,0,0,0,0,0,0,1
1,76,0.03,0,0.0044,451.2,0,0,1,0.03,0,0.0044,451.2,0,0,1,0.03,0,0.0044,451.2,0,0,1,0.03,0,0.0044,451.2,0,0,1,0.03,0,0.0044,451.2,0,0,1,0.03,0,0.0044,451.2,0,0,1,0,0,0,0,0,0,0,1
1,80,0.03,0,0.0044,465.2,0,0,1,0.03,0,0.0044,465.2,0,0,1,0.03,0,0.0044,465.2,0,0,1,0.03,0,0.0044,465.2,0,0,1,0.03,0,0.0044,465.2,0,0,1,0.03,0,0.0044,465.2,0,0,1,0,0,0,0,0,0,0,1
1,84,0.03,0,0.0044,457.19,0,0,1,0.03,0,0.0044,457.19,0,0,1,0.03,0,0.0044,457.19,0,0,1,0.03,0,0.0044,457.19,0,0,1,0.03,0,0.0044,457.19,0,0,1,0.03,0,0.0044,457.19,0,0,1,0,0,0,0,0,0,0,1
1,88,0.03,0,0.0044,448.25,0,0,1,0.03,0,0.0044,448.25,0,0,1,0.03,0,0.0044,448.25,0,0,1,0.03,0,0.0044,448.25,0,0,1,0.03,0,0.0044,448.25,0,0,1,0.03,0,0.0044,448.25,0,0,1,0,0,0,0,0,0,0,1
1,92,0.03,0,0.0044,444.99,0,0,1,0.03,0,0.0044,444.99,0,0,1,0.03,0,0.0044,444.99,0,0,1,0.03,0,0.0044,444.99,0,0,1,0.03,0,0.0044,444.99,0,0,1,0.03,0,0.0044,444.99,0,0,1,0,0,0,0,0,0,0,1
1,96,0.03,0,0.0044,442.56,0,0,1,0.03,0,0.0044,442.56,0,0,1,0.03,0,0.0044,442.56,0,0,1,0.03,0,0.0044,442.56,0,0,1,0.03,0,0.0044,442.56,0,0,1,0.03,0,0.0044,442.56,0,0,1,0,0,0,0,0,0,0,1
1,100,0.03,0,0.0044,438.04,0,0,1,0.03,0,0.0044,438.04,0,0,1,0.03,0,0.0044,438.04,0,0,1,0.03,0,0.0044,438.04,0,0,1,0.03,0,0.0044,438.04,0,0,1,0.03,0,0.0044,438.04,0,0,1,0,0,0,0,0,0,0,1
1,104,0.03,0,0.0044,432.7,0,0,1,0.03,0,0.0044,432.7,0,0,1,0.03,0,0.0044,432.7,0,0,1,0.03,0,0.0044,432.7,0,0,1,0.03,0,0.0044,432.7,0,0,1,0.03,0,0.0044,432.7,0,0,1,0,0,0,0,0,0,0,1
1,108,0.03,0,0.0044,429.74,0,0,1,0.03,0,0.0044,429.74,0,0,1,0.03,0,0.0044,429.74,0,0,1,0.03,0,0.0044,429.74,0,0,1,0.03,0,0.0044,429.74,0,0,1,0.03,0,0.0044,429.74,0,0,1,0,0,0,0,0,0,0,1
1,112,0.03,0,0.0044,426.88,0,0,1,0.03,0,0.0044,426.88,0,0,1,0.03,0,0.0044,426.88,0,0,1,0.03,0,0.0044,426.88,0,0,1,0.03,0,0.0044,426.88,0,0,1,0.03,0,0.0044,426.88,0,0,1,0,0,0,0,0,0,0,1
1,116,0.03,0,0.0044,423.56,0,0,1,0.03,0,0.0044,423.56,0,0,1,0.03,0,0.0044,423.56,0,0,1,0.03,0,0.0044,423.56,0,0,1,0.03,0,0.0044,423.56,0,0,1,0.03,0,0.0044,423.56,0,0,1,0,0,0,0,0,0,0,1
1,120,0.03,0,0.0044,420.23,0,0,1,0.03,0,0.0044,420.23,0,0,1,0.03,0,0.0044,420.23,0,0,1,0.03,0,0.0044,420.23,0,0,1,0.03,0,0.0044,420.23,0,0,1,0.03,0,0.0044,420.23,0,0,1,0,0,0,0,0,0,0,1
1,124,0.03,0,0.0044,417.51,0,0,1,0.03,0,0.0044,417.51,0,0,1,0.03,0,0.0044,417.51,0,0,1,0.03,0,0.0044,417.51,0,0,1,0.03,0,0.0044,417.51,0,0,1,0.03,0,0.0044,417.51,0,0,1,0,0,0,0,0,0,0,1
1,128,0.03,0,0.0044,415,0,0,1,0.03,0,0.0044,415,0,0,1,0.03,0,0.0044,415,0,0,1,0.03,0,0.0044,415,0,0,1,0.03,0,0.0044,415,0,0,1,0.03,0,0.0044,415,0,0,1,0,0,0,0,0,0,0,1
1,132,0.03,0,0.0044,412.42,0,0,1,0.03,0,0.0044,412.42,0,0,1,0.03,0,0.0044,412.42,0,0,1,0.03,0,0.0044,412.42,0,0,1,0.03,0,0.0044,412.42,0,0,1,0.03,0,0.0044,412.42,0,0,1,0,0,0,0,0,0,0,1
1,136,0.03,0,0.0044,409.97,0,0,1,0.03,0,0.0044,409.97,0,0,1,0.03,0,0.0044,409.97,0,0,1,0.03,0,0.0044,409.97,0,0,1,0.03,0,0.0044,409.97,0,0,1,0.03,0,0.0044,409.97,0,0,1,0,0,0,0,0,0,0,1
1,140,0.03,0,0.0044,407.75,0,0,1,0.03,0,0.0044,407.75,0,0,1,0.03,0,0.0044,407.75,0,0,1,0.03,0,0.0044,407.75,0,0,1,0.03,0,0.0044,407.75,0,0,1,0.03,0,0.0044,407.75,0,0,1,0,0,0,0,0,0,0,1
1,144,0.03,0,0.0044,405.67,0,0,1,0.03,0,0.0044,405.67,0,0,1,0.03,0,0.0044,405.67,0,0,1,0.03,0,0.0044,405.67,0,0,1,0.03,0,0.0044,405.67,0,0,1,0.03,0,0.0044,405.67,0,0,1,0,0,0,0,0,0,0,1
1,148,0.03,0,0.0044,403.66,0,0,1,0.03,0,0.0044,403.66,0,0,1,0.03,0,0.0044,403.66,0,0,1,0.03,0,0.0044,403.66,0,0,1,0.03,0,0.0044,403.66,0,0,1,0.03,0,0.0044,403.66,0,0,1,0,0,0,0,0,0,0,1
1,152,0.03,0,0.0044,401.75,0,0,1,0.03,0,0.0044,401.75,0,0,1,0.03,0,0.0044,401.75,0,0,1,0.03,0,0.0044,401.75,0,0,1,0.03,0,0.0044,401.75,0,0,1,0.03,0,0.0044,401.75,0,0,1,0,0,0,0,0,0,0,1
1,156,0.03,0,0.0044,399.97,0,0,1,0.03,0,0.0044,399.97,0,0,1,0.03,0,0.0044,399.97,0,0,1,0.03,0,0.0044,399.97,0,0,1,0.03,0,0.0044,399.97,0,0,1,0.03,0,0.0044,399.97,0,0,1,0,0,0,0,0,0,0,1
1,160,0.03,0,0.0044,398.29,0,0,1,0.03,0,0.0044,398.29,0,0,1,0.03,0,0.0044,398.29,0,0,1,0.03,0,0.0044,398.29,0,0,1,0.03,0,0.0044,398.29,0,0,1,0.03,0,0.0044,398.29,0,0,1,0,0,0,0,0,0,0,1
1,164,0.03,0,0.0044,396.7,0,0,1,0.03,0,0.0044,396.7,0,0,1,0.03,0,0.0044,396.7,0,0,1,0.03,0,0.0044,396.7,0,0,1,0.03,0,0.0044,396.7,0,0,1,0.03,0,0.0044,396.7,0,0,1,0,0,0,0,0,0,0,1
1,168,0.03,0,0.0044,395.19,0,0,1,0.03,0,0.0044,395.19,0,0,1,0.03,0,0.0044,395.19,0,0,1,0.03,0,0.0044,395.19,0,0,1,0.03,0,0.0044,395.19,0,0,1,0.03,0,0.0044,395.19,0,0,1,0,0,0,0,0,0,0,1
1,172,0.03,0,0.0044,393.77,0,0,1,0.03,0,0.0044,393.77,0,0,1,0.03,0,0.0044,393.77,0,0,1,0.03,0,0.0044,393.77,0,0,1,0.03,0,0.0044,393.77,0,0,1,0.03,0,0.0044,393.77,0,0,1,0,0,0,0,0,0,0,1
1,176,0.03,0,0.0044,392.42,0,0,1,0.03,0,0.0044,392.42,0,0,1,0.03,0,0.0044,392.42,0,0,1,0.03,0,0.0044,392.42,0,0,1,0.03,0,0.0044,392.42,0,0,1,0.03,0,0.0044,392.42,0,0,1,0,0,0,0,0,0,0,1
1,180,0.03,0,0.0044,391.15,0,0,1,0.03,0,0.0044,391.15,0,0,1,0.03,0,0.0044,391.15,0,0,1,0.03,0,0.0044,391.15,0,0,1,0.03,0,0.0044,391.15,0,0,1,0.03,0,0.0044,391.15,0,0,1,0,0,0,0,0,0,0,1
1,184,0.03,0,0.0044,389.95,0,0,1,0.03,0,0.0044,389.95,0,0,1,0.03,0,0.0044,389.95,0,0,1,0.03,0,0.0044,389.95,0,0,1,0.03,0,0.0044,389.95,0,0,1,0.03,0,0.0044,389.95,0,0,1,0,0,0,0,0,0,0,1
1,188,0.03,0,0.0044,388.81,0,0,1,0.03,0,0.0044,388.81,0,0,1,0.03,0,0.0044,388.81,0,0,1,0.03,0,0.0044,388.81,0,0,1,0.03,0,0.0044,388.81,0,0,1,0.03,0,0.0044,388.81,0,0,1,0,0,0,0,0,0,0,1
1,192,0.03,0,0.0044,387.74,0,0,1,0.03,0,0.0044,387.74,0,0,1,0.03,0,0.0044,387.74,0,0,1,0.03,0,0.0044,387.74,0,0,1,0.03,0,0.0044,387.74,0,0,1,0.03,0,0.0044,387.74,0,0,1,0,0,0,0,0,0,0,1
1,196,0.03,0,0.0044,386.73,0,0,1,0.03,0,0.0044,386.73,0,0,1,0.03,0,0.0044,386.73,0,0,1,0.03,0,0.0044,386.73,0,0,1,0.03,0,0.0044,386.73,0,0,1,0.03,0,0.0044,386.73,0,0,1,0,0,0,0,0,0,0,1
1,200,0.03,0,0.0044,385.76,0,0,1,0.03,0,0.0044,385.76,0,0,1,0.03,0,0.0044,385.76,0,0,1,0.03,0,0.0044,385.76,0,0,1,0.03,0,0.0044,385.76,0,0,1,0.03,0,0.0044,385.76,0,0,1,0,0,0,0,0,0,0,1
1,204,0.03,0,0.0044,384.86,0,0,1,0.03,0,0.0044,384.86,0,0,1,0.03,0,0.0044,384.86,0,0,1,0.03,0,0.0044,384.86,0,0,1,0.03,0,0.0044,384.86,0,0,1,0.03,0,0.0044,384.86,0,0,1,0,0,0,0,0,0,0,1
1,208,0.03,0,0.0044,384,0,0,1,0.03,0,0.0044,384,0,0,1,0.03,0,0.0044,384,0,0,1,0.03,0,0.0044,384,0,0,1,0.03,0,0.0044,384,0,0,1,0.03,0,0.0044,384,0,0,1,0,0,0,0,0,0,0,1
1,212,0.03,0,0.0044,383.18,0,0,1,0.03,0,0.0044,383.18,0,0,1,0.03,0,0.0044,383.18,0,0,1,0.03,0,0.0044,383.18,0,0,1,0.03,0,0.0044,383.18,0,0,1,0.03,0,0.0044,383.18,0,0,1,0,0,0,0,0,0,0,1
1,216,0.03,0,0.0044,382.42,0,0,1,0.03,0,0.0044,382.42,0,0,1,0.03,0,0.0044,382.42,0,0,1,0.03,0,0.0044,382.42,0,0,1,0.03,0,0.0044,382.42,0,0,1,0.03,0,0.0044,382.42,0,0,1,0,0,0,0,0,0,0,1
1,220,0.03,0,0.0044,381.69,0,0,1,0.03,0,0.0044,381.69,0,0,1,0.03,0,0.0044,381.69,0,0,1,0.03,0,0.0044,381.69,0,0,1,0.03,0,0.0044,381.69,0,0,1,0.03,0,0.0044,381.69,0,0,1,0,0,0,0,0,0,0,1
1,224,0.03,0,0.0044,381,0,0,1,0.03,0,0.0044,381,0,0,1,0.03,0,0.0044,381,0,0,1,0.03,0,0.0044,381,0,0,1,0.03,0,0.0044,381,0,0,1,0.03,0,0.0044,381,0,0,1,0,0,0,0,0,0,0,1
1,228,0.03,0,0.0044,380.35,0,0,1,0.03,0,0.0044,380.35,0,0,1,0.03,0,0.0044,380.35,0,0,1,0.03,0,0.0044,380.35,0,0,1,0.03,0,0.0044,380.35,0,0,1,0.03,0,0.0044,380.35,0,0,1,0,0,0,0,0,0,0,1
1,232,0.03,0,0.0044,379.73,0,0,1,0.03,0,0.0044,379.73,0,0,1,0.03,0,0.0044,379.73,0,0,1,0.03,0,0.0044,379.73,0,0,1,0.03,0,0.0044,379.73,0,0,1,0.03,0,0.0044,379.73,0,0,1,0,0,0,0,0,0,0,1
1,236,0.03,0,0.0044,379.15,0,0,1,0.03,0,0.0044,379.15,0,0,1,0.03,0,0.0044,379.15,0,0,1,0.03,0,0.0044,379.15,0,0,1,0.03,0,0.0044,379.15,0,0,1,0.03,0,0.0044,379.15,0,0,1,0,0,0,0,0,0,0,1
1,240,0.03,0,0.0044,378.6,0,0,1,0.03,0,0.0044,378.6,0,0,1,0.03,0,0.0044,378.6,0,0,1,0.03,0,0.0044,378.6,0,0,1,0.03,0,0.0044,378.6,0,0,1,0.03,0,0.0044,378.6,0,0,1,0,0,0,0,0,0,0,1
1,244,0.03,0,0.0044,378.07,0,0,1,0.03,0,0.0044,378.07,0,0,1,0.03,0,0.0044,378.07,0,0,1,0.03,0,0.0044,378.07,0,0,1,0.03,0,0.0044,378.07,0,0,1,0.03,0,0.0044,378.07,0,0,1,0,0,0,0,0,0,0,1
1,248,0.03,0,0.0044,377.58,0,0,1,0.03,0,0.0044,377.58,0,0,1,0.03,0,0.0044,377.58,0,0,1,0.03,0,0.0044,377.58,0,0,1,0.03,0,0.0044,377.58,0,0,1,0.03,0,0.0044,377.58,0,0,1,0,0,0,0,0,0,0,1
1,252,0.03,0,0.0044,377.11,0,0,1,0.03,0,0.0044,377.11,0,0,1,0.03,0,0.0044,377.11,0,0,1,0.03,0,0.0044,377.11,0,0,1,0.03,0,0.0044,377.11,0,0,1,0.03,0,0.0044,377.11,0,0,1,0,0,0,0,0,0,0,1
1,256,0.03,0,0.0044,376.67,0,0,1,0.03,0,0.0044,376.67,0,0,1,0.03,0,0.0044,376.67,0,0,1,0.03,0,0.0044,376.67,0,0,1,0.03,0,0.0044,376.67,0,0,1,0.03,0,0.0044,376.67,0,0,1,0,0,0,0,0,0,0,1
1,260,0.03,0,0.0044,376.25,0,0,1,0.03,0,0.0044,376.25,0,0,1,0.03,0,0.0044,376.25,0,0,1,0.03,0,0.0044,376.25,0,0,1,0.03,0,0.0044,376.25,0,0,1,0.03,0,0.0044,376.25,0,0,1,0,0,0,0,0,0,0,1
1,264,0.03,0,0.0044,375.85,0,0,1,0.03,0,0.0044,375.85,0,0,1,0.03,0,0.0044,375.85,0,0,1,0.03,0,0.0044,375.85,0,0,1,0.03,0,0.0044,375.85,0,0,1,0.03,0,0.0044,375.85,0,0,1,0,0,0,0,0,0,0,1
1,268,0.03,0,0.0044,375.48,0,0,1,0.03,0,0.0044,375.48,0,0,1,0.03,0,0.0044,375.48,0,0,1,0.03,0,0.0044,375.48,0,0,1,0.03,0,0.0044,375.48,0,0,1,0.03,0,0.0044,375.48,0,0,1,0,0,0,0,0,0,0,1
1,272,0.03,0,0.0044,375.12,0,0,1,0.03,0,0.0044,375.12,0,0,1,0.03,0,0.0044,375.12,0,0,1,0.03,0,0.0044,375.12,0,0,1,0.03,0,0.0044,375.12,0,0,1,0.03,0,0.0044,375.12,0,0,1,0,0,0,0,0,0,0,1
1,276,0.03,0,0.0044,374.78,0,0,1,0.03,0,0.0044,374.78,0,0,1,0.03,0,0.0044,374.78,0,0,1,0.03,0,0.0044,374.78,0,0,1,0.03,0,0.0044,374.78,0,0,1,0.03,0,0.0044,374.78,0,0,1,0,0,0,0,0,0,0,1
1,280,0.03,0,0.0044,374.46,0,0,1,0.03,0,0.0044,374.46,0,0,1,0.03,0,0.0044,374.46,0,0,1,0.03,0,0.0044,374.46,0,0,1,0.03,0,0.0044,374.46,0,0,1,0.03,0,0.0044,374.46,0,0,1,0,0,0,0,0,0,0,1
1,284,0.03,0,0.0044,374.16,0,0,1,0.03,0,0.0044,374.16,0,0,1,0.03,0,0.0044,374.16,0,0,1,0.03,0,0.0044,374.16,0,0,1,0.03,0,0.0044,374.16,0,0,1,0.03,0,0.0044,374.16,0,0,1,0,0,0,0,0,0,0,1
1,288,0.03,0,0.0044,373.88,0,0,1,0.03,0,0.0044,373.88,0,0,1,0.03,0,0.0044,373.88,0,0,1,0.03,0,0.0044,373.88,0,0,1,0.03,0,0.0044,373.88,0,0,1,0.03,0,0.0044,373.88,0,0,1,0,0,0,0,0,0,0,1
1,292,0.03,0,0.0044,373.61,0,0,1,0.03,0,0.0044,373.61,0,0,1,0.03,0,0.0044,373.61,0,0,1,0.03,0,0.0044,373.61,0,0,1,0.03,0,0.0044,373.61,0,0,1,0.03,0,0.0044,373.61,0,0,1,0,0,0,0,0,0,0,1
1,296,0.03,0,0.0044,373.35,0,0,1,0.03,0,0.0044,373.35,0,0,1,0.03,0,0.0044,373.35,0,0,1,0.03,0,0.0044,373.35,0,0,1,0.03,0,0.0044,373.35,0,0,1,0.03,0,0.0044,373.35,0,0,1,0,0,0,0,0,0,0,1
1,300,0.03,0,0.0044,373.11,0,0,1,0.03,0,0.0044,373.11,0,0,1,0.03,0,0.0044,373.11,0,0,1,0.03,0,0.0044,373.11,0,0,1,0.03,0,0.0044,373.11,0,0,1,0.03,0,0.0044,373.11,0,0,1,0,0,0,0,0,0,0,1
1,304,0.03,0,0.0044,372.88,0,0,1,0.03,0,0.0044,372.88,0,0,1,0.03,0,0.0044,372.88,0,0,1,0.03,0,0.0044,372.88,0,0,1,0.03,0,0.0044,372.88,0,0,1,0.03,0,0.0044,372.88,0,0,1,0,0,0,0,0,0,0,1
1,308,0.03,0,0.0044,372.66,0,0,1,0.03,0,0.0044,372.66,0,0,1,0.03,0,0.0044,372.66,0,0,1,0.03,0,0.0044,372.66,0,0,1,0.03,0,0.0044,372.66,0,0,1,0.03,0,0.0044,372.66,0,0,1,0,0,0,0,0,0,0,1
1,312,0.03,0,0.0044,372.45,0,0,1,0.03,0,0.0044,372.45,0,0,1,0.03,0,0.0044,372.45,0,0,1,0.03,0,0.0044,372.45,0,0,1,0.03,0,0.0044,372.45,0,0,1,0.03,0,0.0044,372.45,0,0,1,0,0,0,0,0,0,0,1
1,316,0.03,0,0.0044,372.26,0,0,1,0.03,0,0.0044,372.26,0,0,1,0.03,0,0.0044,372.26,0,0,1,0.03,0,0.0044,372.26,0,0,1,0.03,0,0.0044,372.26,0,0,1,0.03,0,0.0044,372.26,0,0,1,0,0,0,0,0,0,0,1
1,320,0.03,0,0.0044,372.07,0,0,1,0.03,0,0.0044,372.07,0,0,1,0.03,0,0.0044,372.07,0,0,1,0.03,0,0.0044,372.07,0,0,1,0.03,0,0.0044,372.07,0,0,1,0.03,0,0.0044,372.07,0,0,1,0,0,0,0,0,0,0,1
1,324,0.03,0,0.0044,371.9,0,0,1,0.03,0,0.0044,371.9,0,0,1,0.03,0,0.0044,371.9,0,0,1,0.03,0,0.0044,371.9,0,0,1,0.03,0,0.0044,371.9,0,0,1,0.03,0,0.0044,371.9,0,0,1,0,0,0,0,0,0,0,1
1,328,0.03,0,0.0044,371.73,0,0,1,0.03,0,0.0044,371.73,0,0,1,0.03,0,0.0044,371.73,0,0,1,0.03,0,0.0044,371.73,0,0,1,0.03,0,0.0044,371.73,0,0,1,0.03,0,0.0044,371.73,0,0,1,0,0,0,0,0,0,0,1
1,332,0.03,0,0.0044,371.57,0,0,1,0.03,0,0.0044,371.57,0,0,1,0.03,0,0.0044,371.57,0,0,1,0.03,0,0.0044,371.57,0,0,1,0.03,0,0.0044,371.57,0,0,1,0.03,0,0.0044,371.57,0,0,1,0,0,0,0,0,0,0,1
1,336,0.03,0,0.0044,371.42,0,0,1,0.03,0,0.0044,371.42,0,0,1,0.03,0,0.0044,371.42,0,0,1,0.03,0,0.0044,371.42,0,0,1,0.03,0,0.0044,371.42,0,0,1,0.03,0,0.0044,371.42,0,0,1,0,0,0,0,0,0,0,1
1,340,0.03,0,0.0044,371.28,0,0,1,0.03,0,0.0044,371.28,0,0,1,0.03,0,0.0044,371.28,0,0,1,0.03,0,0.0044,371.28,0,0,1,0.03,0,0.0044,371.28,0,0,1,0.03,0,0.0044,371.28,0,0,1,0,0,0,0,0,0,0,1
1,344,0.03,0,0.0044,371.15,0,0,1,0.03,0,0.0044,371.15,0,0,1,0.03,0,0.0044,371.15,0,0,1,0.03,0,0.0044,371.15,0,0,1,0.03,0,0.0044,371.15,0,0,1,0.03,0,0.0044,371.15,0,0,1,0,0,0,0,0,0,0,1
1,348,0.03,0,0.0044,371.02,0,0,1,0.03,0,0.0044,371.02,0,0,1,0.03,0,0.0044,371.02,0,0,1,0.03,0,0.0044,371.02,0,0,1,0.03,0,0.0044,371.02,0,0,1,0.03,0,0.0044,371.02,0,0,1,0,0,0,0,0,0,0,1
1,352,0.03,0,0.0044,370.9,0,0,1,0.03,0,0.0044,370.9,0,0,1,0.03,0,0.0044,370.9,0,0,1,0.03,0,0.0044,370.9,0,0,1,0.03,0,0.0044,370.9,0,0,1,0.03,0,0.0044,370.9,0,0,1,0,0,0,0,0,0,0,1
1,356,0.03,0,0.0044,370.79,0,0,1,0.03,0,0.0044,370.79,0,0,1,0.03,0,0.0044,370.79,0,0,1,0.03,0,0.0044,370.79,0,0,1,0.03,0,0.0044,370.79,0,0,1,0.03,0,0.0044,370.79,0,0,1,0,0,0,0,0,0,0,1
1,360,0.03,0,0.0044,370.68,0,0,1,0.03,0,0.0044,370.68,0,0,1,0.03,0,0.0044,370.68,0,0,1,0.03,0,0.0044,370.68,0,0,1,0.03,0,0.0044,370.68,0,0,1,0.03,0,0.0044,370.68,0,0,1,0,0,0,0,0,0,0,1
1,364,0.03,0,0.0044,370.58,0,0,1,0.03,0,0.0044,370.58,0,0,1,0.03,0,0.0044,370.58,0,0,1,0.03,0,0.0044,370.58,0,0,1,0.03,0,0.0044,370.58,0,0,1,0.03,0,0.0044,370.58,0,0,1,0,0,0,0,0,0,0,1
1,368,0.03,0,0.0044,370.48,0,0,1,0.03,0,0.0044,370.48,0,0,1,0.03,0,0.0044,370.48,0,0,1,0.03,0,0.0044,370.48,0,0,1,0.03,0,0.0044,370.48,0,0,1,0.03,0,0.0044,370.48,0,0,1,0,0,0,0,0,0,0,1
1,372,0.03,0,0.0044,370.39,0,0,1,0.03,0,0.0044,370.39,0,0,1,0.03,0,0.0044,370.39,0,0,1,0.03,0,0.0044,370.39,0,0,1,0.03,0,0.0044,370.39,0,0,1,0.03,0,0.0044,370.39,0,0,1,0,0,0,0,0,0,0,1
1,376,0.03,0,0.0044,370.3,0,0,1,0.03,0,0.0044,370.3,0,0,1,0.03,0,0.0044,370.3,0,0,1,0.03,0,0.0044,370.3,0,0,1,0.03,0,0.0044,370.3,0,0,1,0.03,0,0.0044,370.3,0,0,1,0,0,0,0,0,0,0,1
1,380,0.03,0,0.0044,370.22,0,0,1,0.03,0,0.0044,370.22,0,0,1,0.03,0,0.0044,370.22,0,0,1,0.03,0,0.0044,370.22,0,0,1,0.03,0,0.0044,370.22,0,0,1,0.03,0,0.0044,370.22,0,0,1,0,0,0,0,0,0,0,1
1,384,0.03,0,0.0044,370.14,0,0,1,0.03,0,0.0044,370.14,0,0,1,0.03,0,0.0044,370.14,0,0,1,0.03,0,0.0044,370.14,0,0,1,0.03,0,0.0044,370.14,0,0,1,0.03,0,0.0044,370.14,0,0,1,0,0,0,0,0,0,0,1
1,388,0.03,0,0.0044,370.07,0,0,1,0.03,0,0.0044,370.07,0,0,1,0.03,0,0.0044,370.07,0,0,1,0.03,0,0.0044,370.07,0,0,1,0.03,0,0.0044,370.07,0,0,1,0.03,0,0.0044,370.07,0,0,1,0,0,0,0,0,0,0,1
1,392,0.03,0,0.0044,370,0,0,1,0.03,0,0.0044,370,0,0,1,0.03,0,0.0044,370,0,0,1,0.03,0,0.0044,370,0,0,1,0.03,0,0.0044,370,0,0,1,0.03,0,0.0044,370,0,0,1,0,0,0,0,0,0,0,1
1,396,0.03,0,0.0044,369.93,0,0,1,0.03,0,0.0044,369.93,0,0,1,0.03,0,0.0044,369.93,0,0,1,0.03,0,0.0044,369.93,0,0,1,0.03,0,0.0044,369.93,0,0,1,0.03,0,0.0044,369.93,0,0,1,0,0,0,0,0,0,0,1
1,400,0.03,0,0.0044,369.87,0,0,1,0.03,0,0.0044,369.87,0,0,1,0.03,0,0.0044,369.87,0,0,1,0.03,0,0.0044,369.87,0,0,1,0.03,0,0.0044,369.87,0,0,1,0.03,0,0.0044,369.87,0,0,1,0,0,0,0,0,0,0,1
1,404,0.03,0,0.0044,369.81,0,0,1,0.03,0,0.0044,369.81,0,0,1,0.03,0,0.0044,369.81,0,0,1,0.03,0,0.0044,369.81,0,0,1,0.03,0,0.0044,369.81,0,0,1,0.03,0,0.0044,369.81,0,0,1,0,0,0,0,0,0,0,1
1,408,0.03,0,0.0044,369.75,0,0,1,0.03,0,0.0044,369.75,0,0,1,0.03,0,0.0044,369.75,0,0,1,0.03,0,0.0044,369.75,0,0,1,0.03,0,0.0044,369.75,0,0,1,0.03,0,0.0044,369.75,0,0,1,0,0,0,0,0,0,0,1
1,412,0.03,0,0.0044,369.7,0,0,1,0.03,0,0.0044,369.7,0,0,1,0.03,0,0.0044,369.7,0,0,1,0.03,0,0.0044,369.7,0,0,1,0.03,0,0.0044,369.7,0,0,1,0.03,0,0.0044,369.7,0,0,1,0,0,0,0,0,0,0,1
1,416,0.03,0,0.0044,369.65,0,0,1,0.03,0,0.0044,369.65,0,0,1,0.03,0,0.0044,369.65,0,0,1,0.03,0,0.0044,369.65,0,0,1,0.03,0,0.0044,369.65,0,0,1,0.03,0,0.0044,369.65,0,0,1,0,0,0,0,0,0,0,1
1,420,0.03,0,0.0044,369.6,0,0,1,0.03,0,0.0044,369.6,0,0,1,0.03,0,0.0044,369.6,0,0,1,0.03,0,0.0044,369.6,0,0,1,0.03,0,0.0044,369.6,0,0,1,0.03,0,0.0044,369.6,0,0,1,0,0,0,0,0,0,0,1
1,424,0.03,0,0.0044,369.56,0,0,1,0.03,0,0.0044,369.56,0,0,1,0.03,0,0.0044,369.56,0,0,1,0.03,0,0.0044,369.56,0,0,1,0.03,0,0.0044,369.56,0,0,1,0.03,0,0.0044,369.56,0,0,1,0,0,0,0,0,0,0,1
1,428,0.03,0,0.0044,369.51,0,0,1,0.03,0,0.0044,369.51,0,0,1,0.03,0,0.0044,369.51,0,0,1,0.03,0,0.0044,369.51,0,0,1,0.03,0,0.0044,369.51,0,0,1,0.03,0,0.0044,369.51,0,0,1,0,0,0,0,0,0,0,1
1,432,0.03,0,0.0044,369.47,0,0,1,0.03,0,0.0044,369.47,0,0,1,0.03,0,0.0044,369.47,0,0,1,0.03,0,0.0044,369.47,0,0,1,0.03,0,0.0044,369.47,0,0,1,0.03,0,0.0044,369.47,0,0,1,0,0,0,0,0,0,0,1
1,436,0.03,0,0.0044,369.43,0,0,1,0.03,0,0.0044,369.43,0,0,1,0.03,0,0.0044,369.43,0,0,1,0.03,0,0.0044,369.43,0,0,1,0.03,0,0.0044,369.43,0,0,1,0.03,0,0.0044,369.43,0,0,1,0,0,0,0,0,0,0,1
1,440,0.03,0,0.0044,369.4,0,0,1,0.03,0,0.0044,369.4,0,0,1,0.03,0,0.0044,369.4,0,0,1,0.03,0,0.0044,369.4,0,0,1,0.03,0,0.0044,369.4,0,0,1,0.03,0,0.0044,369.4,0,0,1,0,0,0,0,0,0,0,1
1,444,0.03,0,0.0044,369.36,0,0,1,0.03,0,0.0044,369.36,0,0,1,0.03,0,0.0044,369.36,0,0,1,0.03,0,0.0044,369.36,0,0,1,0.03,0,0.0044,369.36,0,0,1,0.03,0,0.0044,369.36,0,0,1,0,0,0,0,0,0,0,1
1,448,0.03,0,0.0044,369.33,0,0,1,0.03,0,0.0044,369.33,0,0,1,0.03,0,0.0044,369.33,0,0,1,0.03,0,0.0044,369.33,0,0,1,0.03,0,0.0044,369.33,0,0,1,0.03,0,0.0044,369.33,0,0,1,0,0,0,0,0,0,0,1
1,452,0.03,0,0.0044,369.3,0,0,1,0.03,0,0.0044,369.3,0,0,1,0.03,0,0.0044,369.3,0,0,1,0.03,0,0.0044,369.3,0,0,1,0.03,0,0.0044,369.3,0,0,1,0.03,0,0.0044,369.3,0,0,1,0,0,0,0,0,0,0,1
1,456,0.03,0,0.0044,369.27,0,0,1,0.03,0,0.0044,369.27,0,0,1,0.03,0,0.0044,369.27,0,0,1,0.03,0,0.0044,369.27,0,0,1,0.03,0,0.0044,369.27,0,0,1,0.03,0,0.0044,369.27,0,0,1,0,0,0,0,0,0,0,1
1,460,0.03,0,0.0044,369.24,0,0,1,0.03,0,0.0044,369.24,0,0,1,0.03,0,0.0044,369.24,0,0,1,0.03,0,0.0044,369.24,0,0,1,0.03,0,0.0044,369.24,0,0,1,0.03,0,0.0044,369.24,0,0,1,0,0,0,0,0,0,0,1
1,464,0.03,0,0.0044,369.21,0,0,1,0.03,0,0.0044,369.21,0,0,1,0.03,0,0.0044,369.21,0,0,1,0.03,0,0.0044,369.21,0,0,1,0.03,0,0.0044,369.21,0,0,1,0.03,0,0.0044,369.21,0,0,1,0,0,0,0,0,0,0,1
1,468,0.03,0,0.0044,369.19,0,0,1,0.03,0,0.0044,369.19,0,0,1,0.03,0,0.0044,369.19,0,0,1,0.03,0,0.0044,369.19,0,0,1,0.03,0,0.0044,369.19,0,0,1,0.03,0,0.0044,369.19,0,0,1,0,0,0,0,0,0,0,1
1,472,0.03,0,0.0044,369.17,0,0,1,0.03,0,0.0044,369.17,0,0,1,0.03,0,0.0044,369.17,0,0,1,0.03,0,0.0044,369.17,0,0,1,0.03,0,0.0044,369.17,0,0,1,0.03,0,0.0044,369.17,0,0,1,0,0,0,0,0,0,0,1
1,476,0.03,0,0.0044,369.14,0,0,1,0.03,0,0.0044,369.14,0,0,1,0.03,0,0.0044,369.14,0,0,1,0.03,0,0.0044,369.14,0,0,1,0.03,0,0.0044,369.14,0,0,1,0.03,0,0.0044,369.14,0,0,1,0,0,0,0,0,0,0,1
1,480,0.03,0,0.0044,369.12,0,0,1,0.03,0,0.0044,369.12,0,0,1,0.03,0,0.0044,369.12,0,0,1,0.03,0,0.0044,369.12,0,0,1,0.03,0,0.0044,369.12,0,0,1,0.03,0,0.0044,369.12,0,0,1,0,0,0,0,0,0,0,1
1,484,0.03,0,0.0044,369.1,0,0,1,0.03,0,0.0044,369.1,0,0,1,0.03,0,0.0044,369.1,0,0,1,0.03,0,0.0044,369.1,0,0,1,0.03,0,0.0044,369.1,0,0,1,0.03,0,0.0044,369.1,0,0,1,0,0,0,0,0,0,0,1
1,488,0.03,0,0.0044,369.08,0,0,1,0.03,0,0.0044,369.08,0,0,1,0.03,0,0.0044,369.08,0,0,1,0.03,0,0.0044,369.08,0,0,1,0.03,0,0.0044,369.08,0,0,1,0.03,0,0.0044,369.08,0,0,1,0,0,0,0,0,0,0,1
1,492,0.03,0,0.0044,369.06,0,0,1,0.03,0,0.0044,369.06,0,0,1,0.03,0,0.0044,369.06,0,0,1,0.03,0,0.0044,369.06,0,0,1,0.03,0,0.0044,369.06,0,0,1,0.03,0,0.0044,369.06,0,0,1,0,0,0,0,0,0,0,1
1,496,0.03,0,0.0044,369.05,0,0,1,0.03,0,0.0044,369.05,0,0,1,0.03,0,0.0044,369.05,0,0,1,0.03,0,0.0044,369.05,0,0,1,0.03,0,0.0044,369.05,0,0,1,0.03,0,0.0044,369.05,0,0,1,0,0,0,0,0,0,0,1
1,500,0.03,0,0.0044,369.03,0,0,1,0.03,0,0.0044,369.03,0,0,1,0.03,0,0.0044,369.03,0,0,1,0.03,0,0.0044,369.03,0,0,1,0.03,0,0.0044,369.03,0,0,1,0.03,0,0.0044,369.03,0,0,1,0,0,0,0,0,0,0,1
1,504,0.03,0,0.0044,369.01,0,0,1,0.03,0,0.0044,369.01,0,0,1,0.03,0,0.0044,369.01,0,0,1,0.03,0,0.0044,369.01,0,0,1,0.03,0,0.0044,369.01,0,0,1,0.03,0,0.0044,369.01,0,0,1,0,0,0,0,0,0,0,1
1,508,0.03,0,0.0044,369,0,0,1,0.03,0,0.0044,369,0,0,1,0.03,0,0.0044,369,0,0,1,0.03,0,0.0044,369,0,0,1,0.03,0,0.0044,369,0,0,1,0.03,0,0.0044,369,0,0,1,0,0,0,0,0,0,0,1
1,512,0.03,0,0.0044,368.99,0,0,1,0.03,0,0.0044,368.99,0,0,1,0.03,0,0.0044,368.99,0,0,1,0.03,0,0.0044,368.99,0,0,1,0.03,0,0.0044,368.99,0,0,1,0.03,0,0.0044,368.99,0,0,1,0,0,0,0,0,0,0,1
1,516,0.03,0,0.0044,368.97,0,0,1,0.03,0,0.0044,368.97,0,0,1,0.03,0,0.0044,368.97,0,0,1,0.03,0,0.0044,368.97,0,0,1,0.03,0,0.0044,368.97,0,0,1,0.03,0,0.0044,368.97,0,0,1,0,0,0,0,0,0,0,1
1,520,0.03,0,0.0044,368.96,0,0,1,0.03,0,0.0044,368.96,0,0,1,0.03,0,0.0044,368.96,0,0,1,0.03,0,0.0044,368.96,0,0,1,0.03,0,0.0044,368.96,0,0,1,0.03,0,0.0044,368.96,0,0,1,0,0,0,0,0,0,0,1
1,524,0.03,0,0.0044,368.95,0,0,1,0.03,0,0.0044,368.95,0,0,1,0.03,0,0.0044,368.95,0,0,1,0.03,0,0.0044,368.95,0,0,1,0.03,0,0.0044,368.95,0,0,1,0.03,0,0.0044,368.95,0,0,1,0,0,0,0,0,0,0,1
1,528,0.03,0,0.0044,368.94,0,0,1,0.03,0,0.0044,368.94,0,0,1,0.03,0,0.0044,368.94,0,0,1,0.03,0,0.0044,368.94,0,0,1,0.03,0,0.0044,368.94,0,0,1,0.03,0,0.0044,368.94,0,0,1,0,0,0,0,0,0,0,1
1,532,0.03,0,0.0044,368.93,0,0,1,0.03,0,0.0044,368.93,0,0,1,0.03,0,0.0044,368.93,0,0,1,0.03,0,0.0044,368.93,0,0,1,0.03,0,0.0044,368.93,0,0,1,0.03,0,0.0044,368.93,0,0,1,0,0,0,0,0,0,0,1
1,536,0.03,0,0.0044,368.92,0,0,1,0.03,0,0.0044,368.92,0,0,1,0.03,0,0.0044,368.92,0,0,1,0.03,0,0.0044,368.92,0,0,1,0.03,0,0.0044,368.92,0,0,1,0.03,0,0.0044,368.92,0,0,1,0,0,0,0,0,0,0,1
1,540,0.03,0,0.0044,368.91,0,0,1,0.03,0,0.0044,368.91,0,0,1,0.03,0,0.0044,368.91,0,0,1,0.03,0,0.0044,368.91,0,0,1,0.03,0,0.0044,368.91,0,0,1,0.03,0,0.0044,368.91,0,0,1,0,0,0,0,0,0,0,1
1,544,0.03,0,0.0044,368.9,0,0,1,0.03,0,0.0044,368.9,0,0,1,0.03,0,0.0044,368.9,0,0,1,0.03,0,0.0044,368.9,0,0,1,0.03,0,0.0044,368.9,0,0,1,0.03,0,0.0044,368.9,0,0,1,0,0,0,0,0,0,0,1
1,548,0.03,0,0.0044,368.89,0,0,1,0.03,0,0.0044,368.89,0,0,1,0.03,0,0.0044,368.89,0,0,1,0.03,0,0.0044,368.89,0,0,1,0.03,0,0.0044,368.89,0,0,1,0.03,0,0.0044,368.89,0,0,1,0,0,0,0,0,0,0,1
1,552,0.03,0,0.0044,368.88,0,0,1,0.03,0,0.0044,368.88,0,0,1,0.03,0,0.0044,368.88,0,0,1,0.03,0,0.0044,368.88,0,0,1,0.03,0,0.0044,368.88,0,0,1,0.03,0,0.0044,368.88,0,0,1,0,0,0,0,0,0,0,1
1,556,0.03,0,0.0044,368.87,0,0,1,0.03,0,0.0044,368.87,0,0,1,0.03,0,0.0044,368.87,0,0,1,0.03,0,0.0044,368.87,0,0,1,0.03,0,0.0044,368.87,0,0,1,0.03,0,0.0044,368.87,0,0,1,0,0,0,0,0,0,0,1
1,560,0.03,0,0.0044,368.87,0,0,1,0.03,0,0.0044,368.87,0,0,1,0.03,0,0.0044,368.87,0,0,1,0.03,0,0.0044,368.87,0,0,1,0.03,0,0.0044,368.87,0,0,1,0.03,0,0.0044,368.87,0,0,1,0,0,0,0,0,0,0,1
1,564,0.03,0,0.0044,368.86,0,0,1,0.03,0,0.0044,368.86,0,0,1,0.03,0,0.0044,368.86,0,0,1,0.03,0,0.0044,368.86,0,0,1,0.03,0,0.0044,368.86,0,0,1,0.03,0,0.0044,368.86,0,0,1,0,0,0,0,0,0,0,1
1,568,0.03,0,0.0044,368.85,0,0,1,0.03,0,0.0044,368.85,0,0,1,0.03,0,0.0044,368.85,0,0,1,0.03,0,0.0044,368.85,0,0,1,0.03,0,0.0044,368.85,0,0,1,0.03,0,0.0044,368.85,0,0,1,0,0,0,0,0,0,0,1
1,572,0.03,0,0.0044,368.85,0,0,1,0.03,0,0.0044,368.85,0,0,1,0.03,0,0.0044,368.85,0,0,1,0.03,0,0.0044,368.85,0,0,1,0.03,0,0.0044,368.85,0,0,1,0.03,0,0.0044,368.85,0,0,1,0,0,0,0,0,0,0,1
1,576,0.03,0,0.0044,368.84,0,0,1,0.03,0,0.0044,368.84,0,0,1,0.03,0,0.0044,368.84,0,0,1,0.03,0,0.0044,368.84,0,0,1,0.03,0,0.0044,368.84,0,0,1,0.03,0,0.0044,368.84,0,0,1,0,0,0,0,0,0,0,1
1,580,0.03,0,0.0044,368.83,0,0,1,0.03,0,0.0044,368.83,0,0,1,0.03,0,0.0044,368.83,0,0,1,0.03,0,0.0044,368.83,0,0,1,0.03,0,0.0044,368.83,0,0,1,0.03,0,0.0044,368.83,0,0,1,0,0,0,0,0,0,0,1
1,584,0.03,0,0.0044,368.83,0,0,1,0.03,0,0.0044,368.83,0,0,1,0.03,0,0.0044,368.83,0,0,1,0.03,0,0.0044,368.83,0,0,1,0.03,0,0.0044,368.83,0,0,1,0.03,0,0.0044,368.83,0,0,1,0,0,0,0,0,0,0,1
1,588,0.03,0,0.0044,368.82,0,0,1,0.03,0,0.0044,368.82,0,0,1,0.03,0,0.0044,368.82,0,0,1,0.03,0,0.0044,368.82,0,0,1,0.03,0,0.0044,368.82,0,0,1,0.03,0,0.0044,368.82,0,0,1,0,0,0,0,0,0,0,1
1,592,0.03,0,0.0044,368.82,0,0,1,0.03,0,0.0044,368.82,0,0,1,0.03,0,0.0044,368.82,0,0,1,0.03,0,0.0044,368.82,0,0,1,0.03,0,0.0044,368.82,0,0,1,0.03,0,0.0044,368.82,0,0,1,0,0,0,0,0,0,0,1
1,596,0.03,0,0.0044,368.81,0,0,1,0.03,0,0.0044,368.81,0,0,1,0.03,0,0.0044,368.81,0,0,1,0.03,0,0.0044,368.81,0,0,1,0.03,0,0.0044,368.81,0,0,1,0.03,0,0.0044,368.81,0,0,1,0,0,0,0,0,0,0,1
1,600,0.03,0,0.0044,368.81,0,0,1,0.03,0,0.0044,368.81,0,0,1,0.03,0,0.0044,368.81,0,0,1,0.03,0,0.0044,368.81,0,0,1,0.03,0,0.0044,368.81,0,0,1,0.03,0,0.0044,368.81,0,0,1,0,0,0,0,0,0,0,1
1,604,0.03,0,0.0044,368.81,0,0,1,0.03,0,0.0044,368.81,0,0,1,0.03,0,0.0044,368.81,0,0,1,0.03,0,0.0044,368.81,0,0,1,0.03,0,0.0044,368.81,0,0,1,0.03,0,0.0044,368.81,0,0,1,0,0,0,0,0,0,0,1
1,608,0.03,0,0.0044,368.8,0,0,1,0.03,0,0.0044,368.8,0,0,1,0.03,0,0.0044,368.8,0,0,1,0.03,0,0.0044,368.8,0,0,1,0.03,0,0.0044,368.8,0,0,1,0.03,0,0.0044,368.8,0,0,1,0,0,0,0,0,0,0,1
1,612,0.03,0,0.0044,368.8,0,0,1,0.03,0,0.0044,368.8,0,0,1,0.03,0,0.0044,368.8,0,0,1,0.03,0,0.0044,368.8,0,0,1,0.03,0,0.0044,368.8,0,0,1,0.03,0,0.0044,368.8,0,0,1,0,0,0,0,0,0,0,1
1,616,0.03,0,0.0044,368.8,0,0,1,0.03,0,0.0044,368.8,0,0,1,0.03,0,0.0044,368.8,0,0,1,0.03,0,0.0044,368.8,0,0,1,0.03,0,0.0044,368.8,0,0,1,0.03,0,0.0044,368.8,0,0,1,0,0,0,0,0,0,0,1
1,620,0.03,0,0.0044,368.79,0,0,1,0.03,0,0.0044,368.79,0,0,1,0.03,0,0.0044,368.79,0,0,1,0.03,0,0.0044,368.79,0,0,1,0.03,0,0.0044,368.79,0,0,1,0.03,0,0.0044,368.79,0,0,1,0,0,0,0,0,0,0,1
1,624,0.03,0,0.0044,368.79,0,0,1,0.03,0,0.0044,368.79,0,0,1,0.03,0,0.0044,368.79,0,0,1,0.03,0,0.0044,368.79,0,0,1,0.03,0,0.0044,368.79,0,0,1,0.03,0,0.0044,368.79,0,0,1,0,0,0,0,0,0,0,1
1,628,0.03,0,0.0044,368.79,0,0,1,0.03,0,0.0044,368.79,0,0,1,0.03,0,0.0044,368.79,0,0,1,0.03,0,0.0044,368.79,0,0,1,0.03,0,0.0044,368.79,0,0,1,0.03,0,0.0044,368.79,0,0,1,0,0,0,0,0,0,0,1
1,632,0.03,0,0.0044,368.78,0,0,1,0.03,0,0.0044,368.78,0,0,1,0.03,0,0.0044,368.78,0,0,1,0.03,0,0.0044,368.78,0,0,1,0.03,0,0.0044,368.78,0,0,1,0.03,0,0.0044,368.78,0,0,1,0,0,0,0,0,0,0,1
1,636,0.03,0,0.0044,368.78,0,0,1,0.03,0,0.0044,368.78,0,0,1,0.03,0,0.0044,368.78,0,0,1,0.03,0,0.0044,368.78,0,0,1,0.03,0,0.0044,368.78,0,0,1,0.03,0,0.0044,368.78,0,0,1,0,0,0,0,0,0,0,1
1,640,0.03,0,0.0044,368.78,0,0,1,0.03,0,0.0044,368.78,0,0,1,0.03,0,0.0044,368.78,0,0,1,0.03,0,0.0044,368.78,0,0,1,0.03,0,0.0044,368.78,0,0,1,0.03,0,0.0044,368.78,0,0,1,0,0,0,0,0,0,0,1
1,644,0.03,0,0.0044,368.78,0,0,1,0.03,0,0.0044,368.78,0,0,1,0.03,0,0.0044,368.78,0,0,1,0.03,0,0.0044,368.78,0,0,1,0.03,0,0.0044,368.78,0,0,1,0.03,0,0.0044,368.78,0,0,1,0,0,0,0,0,0,0,1
1,648,0.03,0,0.0044,368.77,0,0,1,0.03,0,0.0044,368.77,0,0,1,0.03,0,0.0044,368.77,0,0,1,0.03,0,0.0044,368.77,0,0,1,0.03,0,0.0044,368.77,0,0,1,0.03,0,0.0044,368.77,0,0,1,0,0,0,0,0,0,0,1
1,652,0.03,0,0.0044,368.77,0,0,1,0.03,0,0.0044,368.77,0,0,1,0.03,0,0.0044,368.77,0,0,1,0.03,0,0.0044,368.77,0,0,1,0.03,0,0.0044,368.77,0,0,1,0.03,0,0.0044,368.77,0,0,1,0,0,0,0,0,0,0,1
1,656,0.03,0,0.0044,368.77,0,0,1,0.03,0,0.0044,368.77,0,0,1,0.03,0,0.0044,368.77,0,0,1,0.03,0,0.0044,368.77,0,0,1,0.03,0,0.0044,368.77,0,0,1,0.03,0,0.0044,368.77,0,0,1,0,0,0,0,0,0,0,1
1,660,0.03,0,0.0044,368.77,0,0,1,0.03,0,0.0044,368.77,0,0,1,0.03,0,0.0044,368.77,0,0,1,0.03,0,0.0044,368.77,0,0,1,0.03,0,0.0044,368.77,0,0,1,0.03,0,0.0044,368.77,0,0,1,0,0,0,0,0,0,0,1
1,664,0.03,0,0.0044,368.77,0,0,1,0.03,0,0.0044,368.77,0,0,1,0.03,0,0.0044,368.77,0,0,1,0.03,0,0.0044,368.77,0,0,1,0.03,0,0.0044,368.77,0,0,1,0.03,0,0.0044,368.77,0,0,1,0,0,0,0,0,0,0,1
1,668,0.03,0,0.0044,368.76,0,0,1,0.03,0,0.0044,368.76,0,0,1,0.03,0,0.0044,368.76,0,0,1,0.03,0,0.0044,368.76,0,0,1,0.03,0,0.0044,368.76,0,0,1,0.03,0,0.0044,368.76,0,0,1,0,0,0,0,0,0,0,1
1,672,0.03,0,0.0044,368.76,0,0,1,0.03,0,0.0044,368.76,0,0,1,0.03,0,0.0044,368.76,0,0,1,0.03,0,0.0044,368.76,0,0,1,0.03,0,0.0044,368.76,0,0,1,0.03,0,0.0044,368.76,0,0,1,0,0,0,0,0,0,0,1
1,676,0.03,0,0.0044,368.76,0,0,1,0.03,0,0.0044,368.76,0,0,1,0.03,0,0.0044,368.76,0,0,1,0.03,0,0.0044,368.76,0,0,1,0.03,0,0.0044,368.76,0,0,1,0.03,0,0.0044,368.76,0,0,1,0,0,0,0,0,0,0,1
1,680,0.03,0,0.0044,368.76,0,0,1,0.03,0,0.0044,368.76,0,0,1,0.03,0,0.0044,368.76,0,0,1,0.03,0,0.0044,368.76,0,0,1,0.03,0,0.0044,368.76,0,0,1,0.03,0,0.0044,368.76,0,0,1,0,0,0,0,0,0,0,1
1,684,0.03,0,0.0044,368.76,0,0,1,0.03,0,0.0044,368.76,0,0,1,0.03,0,0.0044,368.76,0,0,1,0.03,0,0.0044,368.76,0,0,1,0.03,0,0.0044,368.76,0,0,1,0.03,0,0.0044,368.76,0,0,1,0,0,0,0,0,0,0,1
1,688,0.03,0,0.0044,368.76,0,0,1,0.03,0,0.0044,368.76,0,0,1,0.03,0,0.0044,368.76,0,0,1,0.03,0,0.0044,368.76,0,0,1,0.03,0,0.0044,368.76,0,0,1,0.03,0,0.0044,368.76,0,0,1,0,0,0,0,0,0,0,1
1,692,0.03,0,0.0044,368.76,0,0,1,0.03,0,0.0044,368.76,0,0,1,0.03,0,0.0044,368.76,0,0,1,0.03,0,0.0044,368.76,0,0,1,0.03,0,0.0044,368.76,0,0,1,0.03,0,0.0044,368.76,0,0,1,0,0,0,0,0,0,0,1
1,696,0.03,0,0.0044,368.75,0,0,1,0.03,0,0.0044,368.75,0,0,1,0.03,0,0.0044,368.75,0,0,1,0.03,0,0.0044,368.75,0,0,1,0.03,0,0.0044,368.75,0,0,1,0.03,0,0.0044,368.75,0,0,1,0,0,0,0,0,0,0,1
1,700,0.03,0,0.0044,368.75,0,0,1,0.03,0,0.0044,368.75,0,0,1,0.03,0,0.0044,368.75,0,0,1,0.03,0,0.0044,368.75,0,0,1,0.03,0,0.0044,368.75,0,0,1,0.03,0,0.0044,368.75,0,0,1,0,0,0,0,0,0,0,1
1,704,0.03,0,0.0044,368.75,0,0,1,0.03,0,0.0044,368.75,0,0,1,0.03,0,0.0044,368.75,0,0,1,0.03,0,0.0044,368.75,0,0,1,0.03,0,0.0044,368.75,0,0,1,0.03,0,0.0044,368.75,0,0,1,0,0,0,0,0,0,0,1
1,708,0.03,0,0.0044,368.75,0,0,1,0.03,0,0.0044,368.75,0,0,1,0.03,0,0.0044,368.75,0,0,1,0.03,0,0.0044,368.75,0,0,1,0.03,0,0.0044,368.75,0,0,1,0.03,0,0.0044,368.75,0,0,1,0,0,0,0,0,0,0,1
1,712,0.03,0,0.0044,368.75,0,0,1,0.03,0,0.0044,368.75,0,0,1,0.03,0,0.0044,368.75,0,0,1,0.03,0,0.0044,368.75,0,0,1,0.03,0,0.0044,368.75,0,0,1,0.03,0,0.0044,368.75,0,0,1,0,0,0,0,0,0,0,1
1,716,0.03,0,0.0044,368.75,0,0,1,0.03,0,0.0044,368.75,0,0,1,0.03,0,0.0044,368.75,0,0,1,0.03,0,0.0044,368.75,0,0,1,0.03,0,0.0044,368.75,0,0,1,0.03,0,0.0044,368.75,0,0,1,0,0,0,0,0,0,0,1
1,720,0.03,0,0.0044,368.75,0,0,1,0.03,0,0.0044,368.75,0,0,1,0.03,0,0.0044,368.75,0,0,1,0.03,0,0.0044,368.75,0,0,1,0.03,0,0.0044,368.75,0,0,1,0.03,0,0.0044,368.75,0,0,1,0,0,0,0,0,0,0,1
1,724,0.03,0,0.0044,368.75,0,0,1,0.03,0,0.0044,368.75,0,0,1,0.03,0,0.0044,368.75,0,0,1,0.03,0,0.0044,368.75,0,0,1,0.03,0,0.0044,368.75,0,0,1,0.03,0,0.0044,368.75,0,0,1,0,0,0,0,0,0,0,1
1,728,0.03,0,0.0044,368.75,0,0,1,0.03,0,0.0044,368.75,0,0,1,0.03,0,0.0044,368.75,0,0,1,0.03,0,0.0044,368.75,0,0,1,0.03,0,0.0044,368.75,0,0,1,0.03,0,0.0044,368.75,0,0,1,0,0,0,0,0,0,0,1
1,732,0.03,0,0.0044,368.75,0,0,1,0.03,0,0.0044,368.75,0,0,1,0.03,0,0.0044,368.75,0,0,1,0.03,0,0.0044,368.75,0,0,1,0.03,0,0.0044,368.75,0,0,1,0.03,0,0.0044,368.75,0,0,1,0,0,0,0,0,0,0,1
1,736,0.03,0,0.0044,368.74,0,0,1,0.03,0,0.0044,368.74,0,0,1,0.03,0,0.0044,368.74,0,0,1,0.03,0,0.0044,368.74,0,0,1,0.03,0,0.0044,368.74,0,0,1,0.03,0,0.0044,368.74,0,0,1,0,0,0,0,0,0,0,1
1,740,0.03,0,0.0044,368.74,0,0,1,0.03,0,0.0044,368.74,0,0,1,0.03,0,0.0044,368.74,0,0,1,0.03,0,0.0044,368.74,0,0,1,0.03,0,0.0044,368.74,0,0,1,0.03,0,0.0044,368.74,0,0,1,0,0,0,0,0,0,0,1
1,744,0.03,0,0.0044,368.74,0,0,1,0.03,0,0.0044,368.74,0,0,1,0.03,0,0.0044,368.74,0,0,1,0.03,0,0.0044,368.74,0,0,1,0.03,0,0.0044,368.74,0,0,1,0.03,0,0.0044,368.74,0,0,1,0,0,0,0,0,0,0,1
1,748,0.03,0,0.0044,368.74,0,0,1,0.03,0,0.0044,368.74,0,0,1,0.03,0,0.0044,368.74,0,0,1,0.03,0,0.0044,368.74,0,0,1,0.03,0,0.0044,368.74,0,0,1,0.03,0,0.0044,368.74,0,0,1,0,0,0,0,0,0,0,1
1,752,0.03,0,0.0044,368.74,0,0,1,0.03,0,0.0044,368.74,0,0,1,0.03,0,0.0044,368.74,0,0,1,0.03,0,0.0044,368.74,0,0,1,0.03,0,0.0044,368.74,0,0,1,0.03,0,0.0044,368.74,0,0,1,0,0,0,0,0,0,0,1
1,756,0.03,0,0.0044,368.74,0,0,1,0.03,0,0.0044,368.74,0,0,1,0.03,0,0.0044,368.74,0,0,1,0.03,0,0.0044,368.74,0,0,1,0.03,0,0.0044,368.74,0,0,1,0.03,0,0.0044,368.74,0,0,1,0,0,0,0,0,0,0,1
